Datetime,Water Level (m)
2025-06-10 12:00:00,0.3080408
2025-06-10 13:00:00,0.5371661
2025-06-10 14:00:00,0.66230947
2025-06-10 15:00:00,0.6474613
2025-06-10 16:00:00,0.47744718
2025-06-10 17:00:00,0.21153802
2025-06-10 18:00:00,-0.10590943
2025-06-10 19:00:00,-0.37295032
2025-06-10 20:00:00,-0.49920127
2025-06-10 21:00:00,-0.4652487
2025-06-10 22:00:00,-0.28734228
2025-06-10 23:00:00,0.017744133
2025-06-11 00:00:00,0.3775125
2025-06-11 01:00:00,0.71995276
2025-06-11 02:00:00,0.96730965
2025-06-11 03:00:00,1.0582608
2025-06-11 04:00:00,0.9963779
2025-06-11 05:00:00,0.7864524
2025-06-11 06:00:00,0.450105
2025-06-11 07:00:00,0.11520755
2025-06-11 08:00:00,-0.15646745
2025-06-11 09:00:00,-0.29272196
2025-06-11 10:00:00,-0.2714563
2025-06-11 11:00:00,-0.089813955
2025-06-11 12:00:00,0.17391133
2025-06-11 13:00:00,0.44629723
2025-06-11 14:00:00,0.63999283
2025-06-11 15:00:00,0.69747704
2025-06-11 16:00:00,0.61557806
2025-06-11 17:00:00,0.39439818
2025-06-11 18:00:00,0.100533605
2025-06-11 19:00:00,-0.21459638
2025-06-11 20:00:00,-0.43179163
2025-06-11 21:00:00,-0.50358784
2025-06-11 22:00:00,-0.41995296
2025-06-11 23:00:00,-0.18835866
2025-06-12 00:00:00,0.1676219
2025-06-12 01:00:00,0.55726457
2025-06-12 02:00:00,0.89928025
2025-06-12 03:00:00,1.091878
2025-06-12 04:00:00,1.1131294
2025-06-12 05:00:00,0.9690178
2025-06-12 06:00:00,0.6831974
2025-06-12 07:00:00,0.32486176
2025-06-12 08:00:00,-0.004303462
2025-06-12 09:00:00,-0.22696099
2025-06-12 10:00:00,-0.30009106
2025-06-12 11:00:00,-0.21385598
2025-06-12 12:00:00,-0.001061884
2025-06-12 13:00:00,0.27891907
2025-06-12 14:00:00,0.5401998
2025-06-12 15:00:00,0.7102933
2025-06-12 16:00:00,0.7377381
2025-06-12 17:00:00,0.59369874
2025-06-12 18:00:00,0.3340714
2025-06-12 19:00:00,0.00062169845
2025-06-12 20:00:00,-0.30616474
2025-06-12 21:00:00,-0.48769772
2025-06-12 22:00:00,-0.49930725
2025-06-12 23:00:00,-0.33953887
2025-06-13 00:00:00,-0.045654885
2025-06-13 01:00:00,0.33857092
2025-06-13 02:00:00,0.7256712
2025-06-13 03:00:00,1.0089666
2025-06-13 04:00:00,1.1333091
2025-06-13 05:00:00,1.0803097
2025-06-13 06:00:00,0.8801034
2025-06-13 07:00:00,0.5431584
2025-06-13 08:00:00,0.181916
2025-06-13 09:00:00,-0.12099981
2025-06-13 10:00:00,-0.2926308
2025-06-13 11:00:00,-0.31930295
2025-06-13 12:00:00,-0.17884572
2025-06-13 13:00:00,0.06044034
2025-06-13 14:00:00,0.35315755
2025-06-13 15:00:00,0.5922984
2025-06-13 16:00:00,0.7048474
2025-06-13 17:00:00,0.6608649
2025-06-13 18:00:00,0.48627305
2025-06-13 19:00:00,0.2045365
2025-06-13 20:00:00,-0.107724965
2025-06-13 21:00:00,-0.372866
2025-06-13 22:00:00,-0.49528092
2025-06-13 23:00:00,-0.45526
2025-06-14 00:00:00,-0.25015843
2025-06-14 01:00:00,0.08073039
2025-06-14 02:00:00,0.47838452
2025-06-14 03:00:00,0.85102034
2025-06-14 04:00:00,1.091398
2025-06-14 05:00:00,1.1441598
2025-06-14 06:00:00,1.0322818
2025-06-14 07:00:00,0.78018147
2025-06-14 08:00:00,0.425513
2025-06-14 09:00:00,0.07663939
2025-06-14 10:00:00,-0.1852803
2025-06-14 11:00:00,-0.30503657
2025-06-14 12:00:00,-0.2631991
2025-06-14 13:00:00,-0.0849087
2025-06-14 14:00:00,0.18321541
2025-06-14 15:00:00,0.4769702
2025-06-14 16:00:00,0.6899506
2025-06-14 17:00:00,0.7469823
2025-06-14 18:00:00,0.6565772
2025-06-14 19:00:00,0.44040725
2025-06-14 20:00:00,0.15158664
2025-06-14 21:00:00,-0.1387535
2025-06-14 22:00:00,-0.35115448
2025-06-14 23:00:00,-0.41553655
2025-06-15 00:00:00,-0.32854092
2025-06-15 01:00:00,-0.090710655
2025-06-15 02:00:00,0.2582389
2025-06-15 03:00:00,0.6481482
2025-06-15 04:00:00,0.9768674
2025-06-15 05:00:00,1.1462357
2025-06-15 06:00:00,1.1425234
2025-06-15 07:00:00,0.9792775
2025-06-15 08:00:00,0.6802896
2025-06-15 09:00:00,0.3254731
2025-06-15 10:00:00,-0.0021142208
2025-06-15 11:00:00,-0.22218995
2025-06-15 12:00:00,-0.28850755
2025-06-15 13:00:00,-0.18645789
2025-06-15 14:00:00,0.014040333
2025-06-15 15:00:00,0.29747906
2025-06-15 16:00:00,0.5701734
2025-06-15 17:00:00,0.721642
2025-06-15 18:00:00,0.7555538
2025-06-15 19:00:00,0.64395505
2025-06-15 20:00:00,0.42942783
2025-06-15 21:00:00,0.1531388
2025-06-15 22:00:00,-0.1220134
2025-06-15 23:00:00,-0.28561094
2025-06-16 00:00:00,-0.31546175
2025-06-16 01:00:00,-0.18582258
2025-06-16 02:00:00,0.07827967
2025-06-16 03:00:00,0.4269557
2025-06-16 04:00:00,0.79133916
2025-06-16 05:00:00,1.0605315
2025-06-16 06:00:00,1.1773541
2025-06-16 07:00:00,1.1126738
2025-06-16 08:00:00,0.9021998
2025-06-16 09:00:00,0.58204186
2025-06-16 10:00:00,0.24343857
2025-06-16 11:00:00,-0.038285006
2025-06-16 12:00:00,-0.20805328
